001-019,Pre-MDC
020-103,Diseases & Disorders of the Nervous System
113-125,Diseases & Disorders of the Eye
135-159,"Diseases & Disorders of the Ear, Nose, Mouth & Throat"
163-208,Diseases & Disorders of the Respiratory System
212-320,Diseases & Disorders of the Circulatory System
321-399,Diseases & Disorders of the Digestive System
405-446,Diseases & Disorders of the Hepatobiliary System & Pancreas
453-566,Diseases & Disorders of the Musculoskeletal System & Connective Tissue
570-607,"Diseases & Disorders of the Skin, Subcutaneous Tissue & Breast"
614-645,"Endocrine, Nutritional & Metabolic Diseases & Disorders"
650-700,Diseases & Disorders of the Kidney & Urinary Tract
707-730,Diseases & Disorders of the Male Reproductive System
734-761,Diseases & Disorders of the Female Reproductive System
768-833,"Pregnancy, Childbirth & the Puerperium"
789-798,Newborns & Other Neonates with Conditions Originating in Perinatal Period
799-816,"Diseases & Disorders of Blood, Blood Forming Organs, Immunologic Disorders"
820-849,"Myeloproliferative Diseases & Disorders, Poorly Differentiated Neoplasms"
853-872,"Infectious & Parasitic Diseases, Systemic or Unspecified Sites"
876-887,Mental Diseases & Disorders
894-897,Alcohol/Drug Use & Alcohol/Drug Induced Organic Mental Disorders
901-923,"Injuries, Poisonings & Toxic Effects of Drugs"
927-935,Burns
939-951,Factors Influencing Health Status & Other Contacts with Health Services
955-965,Multiple Significant Trauma
969-977,Human Immunodeficiency Virus Infections
981-989,O.R. Procedure Unrelated To Principal Diagnosis With or Without CC / MCC
998-998,Principal Diagnosis Invalid As Discharge Diagnosis
999-999,Ungroupable
